{
  "test": {
    "0": {
      "maxEntropy": 0.303687141148657
    },
    "1": {
      "maxEntropy": 0.1818829172194202
    },
    "2": {
      "maxEntropy": 0.0855406101287126
    },
    "3": {
      "maxEntropy": 0.039436554327453445
    },
    "4": {
      "maxEntropy": 0.00723270089328389
    },
    "5": {
      "maxEntropy": 0.004000906246534522
    },
    "6": {
      "maxEntropy": 0.16270287831525237
    },
    "7": {
      "maxEntropy": 0.07777090975426684
    },
    "8": {
      "maxEntropy": 0.10990542832459183
    },
    "9": {
      "maxEntropy": 0.21952563789610177
    },
    "10": {
      "maxEntropy": 0.3395170658243065
    },
    "11": {
      "maxEntropy": 0.43918853412702924
    },
    "12": {
      "maxEntropy": 0.4642169164458137
    }
  },
  "cf_test": {
    "0": {
      "maxEntropy": 0.3346380688682541
    },
    "1": {
      "maxEntropy": 0.1759085718073629
    },
    "2": {
      "maxEntropy": 0.07694684303646643
    },
    "3": {
      "maxEntropy": 0.030914315742776605
    },
    "4": {
      "maxEntropy": 0.005686726963937143
    },
    "5": {
      "maxEntropy": 0.0036062044336432476
    },
    "6": {
      "maxEntropy": 0.13526324316812952
    },
    "7": {
      "maxEntropy": 0.06464210805376745
    },
    "8": {
      "maxEntropy": 0.09783276151044697
    },
    "9": {
      "maxEntropy": 0.20252880185445224
    },
    "10": {
      "maxEntropy": 0.32465656583150987
    },
    "11": {
      "maxEntropy": 0.43027360771654366
    },
    "12": {
      "maxEntropy": 0.4585002357809258
    }
  }
}