{
  "test": {
    "0": {
      "maxEntropy": 0.2996503528521578
    },
    "1": {
      "maxEntropy": 0.2206942356208607
    },
    "2": {
      "maxEntropy": 0.11201039387818033
    },
    "3": {
      "maxEntropy": 0.09742304382860287
    },
    "4": {
      "maxEntropy": 0.10302591007884146
    },
    "5": {
      "maxEntropy": 0.09812725357489616
    },
    "6": {
      "maxEntropy": 0.10169442969203187
    },
    "7": {
      "maxEntropy": 0.13401057683712778
    },
    "8": {
      "maxEntropy": 0.20921076246864456
    },
    "9": {
      "maxEntropy": 0.27620875897853714
    },
    "10": {
      "maxEntropy": 0.2830128405834522
    },
    "11": {
      "maxEntropy": 0.399817851148509
    },
    "12": {
      "maxEntropy": 0.4108502456876943
    }
  },
  "cf_test": {
    "0": {
      "maxEntropy": 0.3255410424351733
    },
    "1": {
      "maxEntropy": 0.2191274550245873
    },
    "2": {
      "maxEntropy": 0.10748194438964234
    },
    "3": {
      "maxEntropy": 0.09133266499756541
    },
    "4": {
      "maxEntropy": 0.09495444994006316
    },
    "5": {
      "maxEntropy": 0.09077508270315408
    },
    "6": {
      "maxEntropy": 0.09274871298470952
    },
    "7": {
      "maxEntropy": 0.1258282202421672
    },
    "8": {
      "maxEntropy": 0.2027597379967266
    },
    "9": {
      "maxEntropy": 0.26407373613596025
    },
    "10": {
      "maxEntropy": 0.2712959008656114
    },
    "11": {
      "maxEntropy": 0.375833315318571
    },
    "12": {
      "maxEntropy": 0.3835498817156277
    }
  }
}