{
  "test": {
    "0": {
      "maxEntropy": 0.3046506392137895
    },
    "1": {
      "maxEntropy": 0.2020331319962481
    },
    "2": {
      "maxEntropy": 0.10944105063274491
    },
    "3": {
      "maxEntropy": 0.098659445352758
    },
    "4": {
      "maxEntropy": 0.09018448477868284
    },
    "5": {
      "maxEntropy": 0.0668158690320808
    },
    "6": {
      "maxEntropy": 0.022604750610407735
    },
    "7": {
      "maxEntropy": 0.0071856767122546635
    },
    "8": {
      "maxEntropy": 0.005024567591777442
    },
    "9": {
      "maxEntropy": 0.1480743216834137
    },
    "10": {
      "maxEntropy": 0.10132581379573424
    },
    "11": {
      "maxEntropy": 0.35929386316650597
    },
    "12": {
      "maxEntropy": 0.41670654929570977
    }
  },
  "cf_test": {
    "0": {
      "maxEntropy": 0.3362363125363402
    },
    "1": {
      "maxEntropy": 0.20167819529081427
    },
    "2": {
      "maxEntropy": 0.10394587558157062
    },
    "3": {
      "maxEntropy": 0.09103993099050776
    },
    "4": {
      "maxEntropy": 0.08063592825161436
    },
    "5": {
      "maxEntropy": 0.058762007493565645
    },
    "6": {
      "maxEntropy": 0.01760758279000401
    },
    "7": {
      "maxEntropy": 0.005827672582201926
    },
    "8": {
      "maxEntropy": 0.004205642206482418
    },
    "9": {
      "maxEntropy": 0.12264436623720462
    },
    "10": {
      "maxEntropy": 0.07821308626968863
    },
    "11": {
      "maxEntropy": 0.3114091549866292
    },
    "12": {
      "maxEntropy": 0.37022141192081104
    }
  }
}