{
  "test": {
    "0": {
      "maxEntropy": 0.30398276146355885
    },
    "1": {
      "maxEntropy": 0.19438595425539282
    },
    "2": {
      "maxEntropy": 0.10063081881022845
    },
    "3": {
      "maxEntropy": 0.08747131867140782
    },
    "4": {
      "maxEntropy": 0.037297312140843454
    },
    "5": {
      "maxEntropy": 0.00972478607495964
    },
    "6": {
      "maxEntropy": 0.005734894693576369
    },
    "7": {
      "maxEntropy": 0.1552342626574475
    },
    "8": {
      "maxEntropy": 0.0883009640310733
    },
    "9": {
      "maxEntropy": 0.13036196908736705
    },
    "10": {
      "maxEntropy": 0.22092004557868186
    },
    "11": {
      "maxEntropy": 0.39497198843284986
    },
    "12": {
      "maxEntropy": 0.44214676149099985
    }
  },
  "cf_test": {
    "0": {
      "maxEntropy": 0.3351893893242374
    },
    "1": {
      "maxEntropy": 0.1908401143878056
    },
    "2": {
      "maxEntropy": 0.09309453471088332
    },
    "3": {
      "maxEntropy": 0.07552285076524311
    },
    "4": {
      "maxEntropy": 0.028729291379854412
    },
    "5": {
      "maxEntropy": 0.0078047348307092885
    },
    "6": {
      "maxEntropy": 0.004775074426513935
    },
    "7": {
      "maxEntropy": 0.12877730713695226
    },
    "8": {
      "maxEntropy": 0.07223175832609945
    },
    "9": {
      "maxEntropy": 0.10556935404557746
    },
    "10": {
      "maxEntropy": 0.18756020895992848
    },
    "11": {
      "maxEntropy": 0.35792159084123115
    },
    "12": {
      "maxEntropy": 0.4055645503621101
    }
  }
}