{
  "test": {
    "0": {
      "maxEntropy": 0.3042452117265684
    },
    "1": {
      "maxEntropy": 0.21340180352921231
    },
    "2": {
      "maxEntropy": 0.11048594534051082
    },
    "3": {
      "maxEntropy": 0.10153289562661999
    },
    "4": {
      "maxEntropy": 0.09729278652008289
    },
    "5": {
      "maxEntropy": 0.08806852347839639
    },
    "6": {
      "maxEntropy": 0.048766175003925334
    },
    "7": {
      "maxEntropy": 0.014220314316087746
    },
    "8": {
      "maxEntropy": 0.00781440356390087
    },
    "9": {
      "maxEntropy": 0.005988492463859865
    },
    "10": {
      "maxEntropy": 0.14813029953366463
    },
    "11": {
      "maxEntropy": 0.3594699095151878
    },
    "12": {
      "maxEntropy": 0.41359050432710404
    }
  },
  "cf_test": {
    "0": {
      "maxEntropy": 0.33565678448194286
    },
    "1": {
      "maxEntropy": 0.2130767995874932
    },
    "2": {
      "maxEntropy": 0.10533261534808211
    },
    "3": {
      "maxEntropy": 0.09429750700600084
    },
    "4": {
      "maxEntropy": 0.09064869985901917
    },
    "5": {
      "maxEntropy": 0.08127529565817776
    },
    "6": {
      "maxEntropy": 0.039663893976780266
    },
    "7": {
      "maxEntropy": 0.010654063889780217
    },
    "8": {
      "maxEntropy": 0.00618737834157499
    },
    "9": {
      "maxEntropy": 0.004781031344933797
    },
    "10": {
      "maxEntropy": 0.1227529361071174
    },
    "11": {
      "maxEntropy": 0.32346840735559407
    },
    "12": {
      "maxEntropy": 0.3822899746889343
    }
  }
}