{
  "test": {
    "0": {
      "maxEntropy": 0.30515416292468844
    },
    "1": {
      "maxEntropy": 0.226378098276159
    },
    "2": {
      "maxEntropy": 0.1170995881798103
    },
    "3": {
      "maxEntropy": 0.10455968720098315
    },
    "4": {
      "maxEntropy": 0.10395529136545122
    },
    "5": {
      "maxEntropy": 0.10906637582460946
    },
    "6": {
      "maxEntropy": 0.11009198726050132
    },
    "7": {
      "maxEntropy": 0.12793988107331275
    },
    "8": {
      "maxEntropy": 0.1745321202624894
    },
    "9": {
      "maxEntropy": 0.22110273863028518
    },
    "10": {
      "maxEntropy": 0.26359320371054806
    },
    "11": {
      "maxEntropy": 0.39513378564497703
    },
    "12": {
      "maxEntropy": 0.4392635537207994
    }
  },
  "cf_test": {
    "0": {
      "maxEntropy": 0.33698874128392925
    },
    "1": {
      "maxEntropy": 0.23028757831105548
    },
    "2": {
      "maxEntropy": 0.11323688576959537
    },
    "3": {
      "maxEntropy": 0.0987876810395595
    },
    "4": {
      "maxEntropy": 0.09914402035889094
    },
    "5": {
      "maxEntropy": 0.1069627866800131
    },
    "6": {
      "maxEntropy": 0.10613044092878358
    },
    "7": {
      "maxEntropy": 0.12024298032612978
    },
    "8": {
      "maxEntropy": 0.1703162508262315
    },
    "9": {
      "maxEntropy": 0.21537695774810808
    },
    "10": {
      "maxEntropy": 0.25338576120346323
    },
    "11": {
      "maxEntropy": 0.3743907479548789
    },
    "12": {
      "maxEntropy": 0.4144353285957591
    }
  }
}