{
  "test": {
    "0": {
      "maxEntropy": 0.3039992449674164
    },
    "1": {
      "maxEntropy": 0.2025215370881794
    },
    "2": {
      "maxEntropy": 0.10925580582760873
    },
    "3": {
      "maxEntropy": 0.10075310256231094
    },
    "4": {
      "maxEntropy": 0.07992213714359224
    },
    "5": {
      "maxEntropy": 0.02751161241592825
    },
    "6": {
      "maxEntropy": 0.008578366008448014
    },
    "7": {
      "maxEntropy": 0.004339224881651972
    },
    "8": {
      "maxEntropy": 0.15346310373349883
    },
    "9": {
      "maxEntropy": 0.09645940170751405
    },
    "10": {
      "maxEntropy": 0.1775185090857113
    },
    "11": {
      "maxEntropy": 0.3761041413174646
    },
    "12": {
      "maxEntropy": 0.42118249432236404
    }
  },
  "cf_test": {
    "0": {
      "maxEntropy": 0.3354032441751955
    },
    "1": {
      "maxEntropy": 0.20109855316981995
    },
    "2": {
      "maxEntropy": 0.10348944966043333
    },
    "3": {
      "maxEntropy": 0.09147873098415801
    },
    "4": {
      "maxEntropy": 0.06744864600309311
    },
    "5": {
      "maxEntropy": 0.02175554881030522
    },
    "6": {
      "maxEntropy": 0.006868993122496694
    },
    "7": {
      "maxEntropy": 0.003818748427329041
    },
    "8": {
      "maxEntropy": 0.12723538111821772
    },
    "9": {
      "maxEntropy": 0.07820041398725006
    },
    "10": {
      "maxEntropy": 0.14626861423289816
    },
    "11": {
      "maxEntropy": 0.3380640043454512
    },
    "12": {
      "maxEntropy": 0.39230341767336513
    }
  }
}