{
  "test": {
    "0": {
      "maxEntropy": 0.30370811411372856
    },
    "1": {
      "maxEntropy": 0.12216350328219941
    },
    "2": {
      "maxEntropy": 0.013846992178339415
    },
    "3": {
      "maxEntropy": 0.0033841316779642245
    },
    "4": {
      "maxEntropy": 0.2057519472935568
    },
    "5": {
      "maxEntropy": 0.06517935479938573
    },
    "6": {
      "maxEntropy": 0.07777240575930026
    },
    "7": {
      "maxEntropy": 0.18531415895245984
    },
    "8": {
      "maxEntropy": 0.2371947966095581
    },
    "9": {
      "maxEntropy": 0.3287997625431236
    },
    "10": {
      "maxEntropy": 0.3745310384940936
    },
    "11": {
      "maxEntropy": 0.424268109387212
    },
    "12": {
      "maxEntropy": 0.46517000447376555
    }
  },
  "cf_test": {
    "0": {
      "maxEntropy": 0.33407690491089587
    },
    "1": {
      "maxEntropy": 0.10944272483042969
    },
    "2": {
      "maxEntropy": 0.011104368747342993
    },
    "3": {
      "maxEntropy": 0.0030233161019660748
    },
    "4": {
      "maxEntropy": 0.1719653037371096
    },
    "5": {
      "maxEntropy": 0.054649436486718835
    },
    "6": {
      "maxEntropy": 0.06749644648803768
    },
    "7": {
      "maxEntropy": 0.16545386338199314
    },
    "8": {
      "maxEntropy": 0.20780412714940016
    },
    "9": {
      "maxEntropy": 0.29396068005664777
    },
    "10": {
      "maxEntropy": 0.3372963314488759
    },
    "11": {
      "maxEntropy": 0.40096173530369
    },
    "12": {
      "maxEntropy": 0.45587433224956464
    }
  }
}