{
  "test": {
    "0": {
      "maxEntropy": 0.2946821172968186
    },
    "1": {
      "maxEntropy": 0.0055298436287246865
    },
    "2": {
      "maxEntropy": 0.24618007412426418
    },
    "3": {
      "maxEntropy": 0.0715393284263106
    },
    "4": {
      "maxEntropy": 0.051591546406755104
    },
    "5": {
      "maxEntropy": 0.04302682571751785
    },
    "6": {
      "maxEntropy": 0.04562034222519073
    },
    "7": {
      "maxEntropy": 0.09562919739472311
    },
    "8": {
      "maxEntropy": 0.1609512056854122
    },
    "9": {
      "maxEntropy": 0.29609174695553264
    },
    "10": {
      "maxEntropy": 0.39402613625939337
    },
    "11": {
      "maxEntropy": 0.46382447478542216
    },
    "12": {
      "maxEntropy": 0.48472156364868013
    }
  },
  "cf_test": {
    "0": {
      "maxEntropy": 0.3213065588752541
    },
    "1": {
      "maxEntropy": 0.0050812358676609075
    },
    "2": {
      "maxEntropy": 0.20759746434741375
    },
    "3": {
      "maxEntropy": 0.0592594154993638
    },
    "4": {
      "maxEntropy": 0.04291596905507107
    },
    "5": {
      "maxEntropy": 0.03623662308213796
    },
    "6": {
      "maxEntropy": 0.04104615070612082
    },
    "7": {
      "maxEntropy": 0.09183258436826432
    },
    "8": {
      "maxEntropy": 0.14685983752403903
    },
    "9": {
      "maxEntropy": 0.27579727471553356
    },
    "10": {
      "maxEntropy": 0.37215898668167663
    },
    "11": {
      "maxEntropy": 0.45218127337555947
    },
    "12": {
      "maxEntropy": 0.4820092249249602
    }
  }
}