{
  "test": {
    "0": {
      "maxEntropy": 0.30385891716249125
    },
    "1": {
      "maxEntropy": 0.1634197685733005
    },
    "2": {
      "maxEntropy": 0.04798024271043562
    },
    "3": {
      "maxEntropy": 0.005810824274789148
    },
    "4": {
      "maxEntropy": 0.0028345865647670158
    },
    "5": {
      "maxEntropy": 0.16952278059465442
    },
    "6": {
      "maxEntropy": 0.05748093610112262
    },
    "7": {
      "maxEntropy": 0.16439031563800224
    },
    "8": {
      "maxEntropy": 0.23855057130596496
    },
    "9": {
      "maxEntropy": 0.34499316241075645
    },
    "10": {
      "maxEntropy": 0.38096557469467135
    },
    "11": {
      "maxEntropy": 0.43420430600676024
    },
    "12": {
      "maxEntropy": 0.45353886640673574
    }
  },
  "cf_test": {
    "0": {
      "maxEntropy": 0.3347258267495611
    },
    "1": {
      "maxEntropy": 0.153654996502996
    },
    "2": {
      "maxEntropy": 0.039529899243699124
    },
    "3": {
      "maxEntropy": 0.004616521056560492
    },
    "4": {
      "maxEntropy": 0.0025091953289901234
    },
    "5": {
      "maxEntropy": 0.14166238150370075
    },
    "6": {
      "maxEntropy": 0.0484515723757202
    },
    "7": {
      "maxEntropy": 0.14979165805815117
    },
    "8": {
      "maxEntropy": 0.21858826266795356
    },
    "9": {
      "maxEntropy": 0.31882076351949057
    },
    "10": {
      "maxEntropy": 0.35354015284320417
    },
    "11": {
      "maxEntropy": 0.4111133873530998
    },
    "12": {
      "maxEntropy": 0.4355609038657558
    }
  }
}