{
  "test": {
    "0": {
      "maxEntropy": 0.3010779838901561
    },
    "1": {
      "maxEntropy": 0.05235100223193634
    },
    "2": {
      "maxEntropy": 0.0037142937303837136
    },
    "3": {
      "maxEntropy": 0.21580561924304986
    },
    "4": {
      "maxEntropy": 0.06459740999312598
    },
    "5": {
      "maxEntropy": 0.04808885887875974
    },
    "6": {
      "maxEntropy": 0.05098237417526929
    },
    "7": {
      "maxEntropy": 0.12075069168753855
    },
    "8": {
      "maxEntropy": 0.1629396521456299
    },
    "9": {
      "maxEntropy": 0.24055164450574448
    },
    "10": {
      "maxEntropy": 0.3625664236678651
    },
    "11": {
      "maxEntropy": 0.4321132307598829
    },
    "12": {
      "maxEntropy": 0.4642528154124286
    }
  },
  "cf_test": {
    "0": {
      "maxEntropy": 0.33061717034931865
    },
    "1": {
      "maxEntropy": 0.04480454481320725
    },
    "2": {
      "maxEntropy": 0.0032626464563446918
    },
    "3": {
      "maxEntropy": 0.18079115798776454
    },
    "4": {
      "maxEntropy": 0.052511124963248446
    },
    "5": {
      "maxEntropy": 0.04025872992026875
    },
    "6": {
      "maxEntropy": 0.04370735348105246
    },
    "7": {
      "maxEntropy": 0.11436141772087757
    },
    "8": {
      "maxEntropy": 0.15266434678012186
    },
    "9": {
      "maxEntropy": 0.2232502142677499
    },
    "10": {
      "maxEntropy": 0.34581779509305005
    },
    "11": {
      "maxEntropy": 0.4179210834045832
    },
    "12": {
      "maxEntropy": 0.4539673402955026
    }
  }
}