{
  "test": {
    "0": {
      "maxEntropy": 0.3043234285935411
    },
    "1": {
      "maxEntropy": 0.21312445860196116
    },
    "2": {
      "maxEntropy": 0.10783844033503853
    },
    "3": {
      "maxEntropy": 0.10134471324432477
    },
    "4": {
      "maxEntropy": 0.09771397705472361
    },
    "5": {
      "maxEntropy": 0.0894444364060404
    },
    "6": {
      "maxEntropy": 0.06440664239617525
    },
    "7": {
      "maxEntropy": 0.030618692429707783
    },
    "8": {
      "maxEntropy": 0.013190732464245104
    },
    "9": {
      "maxEntropy": 0.012283980028038306
    },
    "10": {
      "maxEntropy": 0.010090532762100072
    },
    "11": {
      "maxEntropy": 0.1635898909333174
    },
    "12": {
      "maxEntropy": 0.40540208804357264
    }
  },
  "cf_test": {
    "0": {
      "maxEntropy": 0.33575983586238767
    },
    "1": {
      "maxEntropy": 0.2130730949524447
    },
    "2": {
      "maxEntropy": 0.10312025359514462
    },
    "3": {
      "maxEntropy": 0.0948181583526059
    },
    "4": {
      "maxEntropy": 0.09132009257288151
    },
    "5": {
      "maxEntropy": 0.08422075905819287
    },
    "6": {
      "maxEntropy": 0.05426136691558905
    },
    "7": {
      "maxEntropy": 0.02272317830251487
    },
    "8": {
      "maxEntropy": 0.009135677263982508
    },
    "9": {
      "maxEntropy": 0.00787527636606277
    },
    "10": {
      "maxEntropy": 0.006629536179764466
    },
    "11": {
      "maxEntropy": 0.1350402619871577
    },
    "12": {
      "maxEntropy": 0.37435118814101215
    }
  }
}