{
  "test": {
    "0": {
      "maxEntropy": 0.28518614774084355
    },
    "1": {
      "maxEntropy": 0.007970027812716069
    },
    "2": {
      "maxEntropy": 0.03252730380551874
    },
    "3": {
      "maxEntropy": 0.06049350354236933
    },
    "4": {
      "maxEntropy": 0.07864855557936125
    },
    "5": {
      "maxEntropy": 0.09544994184278513
    },
    "6": {
      "maxEntropy": 0.09578190869700884
    },
    "7": {
      "maxEntropy": 0.11896077995477455
    },
    "8": {
      "maxEntropy": 0.1893132336317403
    },
    "9": {
      "maxEntropy": 0.2444723107261296
    },
    "10": {
      "maxEntropy": 0.30242674762793664
    },
    "11": {
      "maxEntropy": 0.40324000739148175
    },
    "12": {
      "maxEntropy": 0.4273891231042254
    }
  },
  "cf_test": {
    "0": {
      "maxEntropy": 0.3099933131276325
    },
    "1": {
      "maxEntropy": 0.006846148933236935
    },
    "2": {
      "maxEntropy": 0.02688420471074566
    },
    "3": {
      "maxEntropy": 0.04971223030534375
    },
    "4": {
      "maxEntropy": 0.06761714965829964
    },
    "5": {
      "maxEntropy": 0.0840083462128739
    },
    "6": {
      "maxEntropy": 0.08614310038295903
    },
    "7": {
      "maxEntropy": 0.11216826546297015
    },
    "8": {
      "maxEntropy": 0.1805448949785415
    },
    "9": {
      "maxEntropy": 0.2224380412427564
    },
    "10": {
      "maxEntropy": 0.2718901234463144
    },
    "11": {
      "maxEntropy": 0.3832215929582343
    },
    "12": {
      "maxEntropy": 0.4148079891096454
    }
  }
}