{
  "test": {
    "0": {
      "maxEntropy": 0.30398276146355885
    },
    "1": {
      "maxEntropy": 0.19438595425539282
    },
    "2": {
      "maxEntropy": 0.10063081881022845
    },
    "3": {
      "maxEntropy": 0.08747131867140782
    },
    "4": {
      "maxEntropy": 0.037297312140843454
    },
    "5": {
      "maxEntropy": 0.00972478607495964
    },
    "6": {
      "maxEntropy": 0.005734894693576369
    },
    "7": {
      "maxEntropy": 0.15542594003345359
    },
    "8": {
      "maxEntropy": 0.0878756881790837
    },
    "9": {
      "maxEntropy": 0.13107600898000107
    },
    "10": {
      "maxEntropy": 0.22091935158329065
    },
    "11": {
      "maxEntropy": 0.39576707126538707
    },
    "12": {
      "maxEntropy": 0.44260642409930917
    }
  },
  "cf_test": {
    "0": {
      "maxEntropy": 0.3351893893242374
    },
    "1": {
      "maxEntropy": 0.1908401143878056
    },
    "2": {
      "maxEntropy": 0.09309453471088332
    },
    "3": {
      "maxEntropy": 0.07552285076524311
    },
    "4": {
      "maxEntropy": 0.028729291379854412
    },
    "5": {
      "maxEntropy": 0.0078047348307092885
    },
    "6": {
      "maxEntropy": 0.004775074426513935
    },
    "7": {
      "maxEntropy": 0.12853809841224406
    },
    "8": {
      "maxEntropy": 0.07146179395170317
    },
    "9": {
      "maxEntropy": 0.10536959926593265
    },
    "10": {
      "maxEntropy": 0.18738642049170132
    },
    "11": {
      "maxEntropy": 0.35816359734311215
    },
    "12": {
      "maxEntropy": 0.4055948989498851
    }
  }
}