{
  "test": {
    "0": {
      "maxEntropy": 0.2946821172968186
    },
    "1": {
      "maxEntropy": 0.0055298436287246865
    },
    "2": {
      "maxEntropy": 0.24716568046244886
    },
    "3": {
      "maxEntropy": 0.07102818590865831
    },
    "4": {
      "maxEntropy": 0.05138050584271793
    },
    "5": {
      "maxEntropy": 0.04295851682773433
    },
    "6": {
      "maxEntropy": 0.04576280668718566
    },
    "7": {
      "maxEntropy": 0.09652343984813945
    },
    "8": {
      "maxEntropy": 0.1615900474066104
    },
    "9": {
      "maxEntropy": 0.29641274386870853
    },
    "10": {
      "maxEntropy": 0.3942457281706994
    },
    "11": {
      "maxEntropy": 0.46403922619025584
    },
    "12": {
      "maxEntropy": 0.4847286428239514
    }
  },
  "cf_test": {
    "0": {
      "maxEntropy": 0.3213065588752541
    },
    "1": {
      "maxEntropy": 0.0050812358676609075
    },
    "2": {
      "maxEntropy": 0.2085819703966591
    },
    "3": {
      "maxEntropy": 0.059680584330238685
    },
    "4": {
      "maxEntropy": 0.04332107114327878
    },
    "5": {
      "maxEntropy": 0.03668018287052219
    },
    "6": {
      "maxEntropy": 0.041332251413982744
    },
    "7": {
      "maxEntropy": 0.0924959595347867
    },
    "8": {
      "maxEntropy": 0.14727551709683723
    },
    "9": {
      "maxEntropy": 0.27563325688907303
    },
    "10": {
      "maxEntropy": 0.3725137978295705
    },
    "11": {
      "maxEntropy": 0.4525139795201578
    },
    "12": {
      "maxEntropy": 0.4822890224295354
    }
  }
}