{
  "test": {
    "0": {
      "maxEntropy": 0.303687141148657
    },
    "1": {
      "maxEntropy": 0.1818829172194202
    },
    "2": {
      "maxEntropy": 0.0855406101287126
    },
    "3": {
      "maxEntropy": 0.039436554327453445
    },
    "4": {
      "maxEntropy": 0.00723270089328389
    },
    "5": {
      "maxEntropy": 0.004000906246534522
    },
    "6": {
      "maxEntropy": 0.16303824697178443
    },
    "7": {
      "maxEntropy": 0.07746279543099731
    },
    "8": {
      "maxEntropy": 0.11087371070457804
    },
    "9": {
      "maxEntropy": 0.21972249807040103
    },
    "10": {
      "maxEntropy": 0.33907026785515254
    },
    "11": {
      "maxEntropy": 0.43874528809788765
    },
    "12": {
      "maxEntropy": 0.46393562080851747
    }
  },
  "cf_test": {
    "0": {
      "maxEntropy": 0.3346380688682541
    },
    "1": {
      "maxEntropy": 0.1759085718073629
    },
    "2": {
      "maxEntropy": 0.07694684303646643
    },
    "3": {
      "maxEntropy": 0.030914315742776605
    },
    "4": {
      "maxEntropy": 0.005686726963937143
    },
    "5": {
      "maxEntropy": 0.0036062044336432476
    },
    "6": {
      "maxEntropy": 0.1364399277935607
    },
    "7": {
      "maxEntropy": 0.06557422494436299
    },
    "8": {
      "maxEntropy": 0.09724892391182768
    },
    "9": {
      "maxEntropy": 0.20222679130440943
    },
    "10": {
      "maxEntropy": 0.32416165959454946
    },
    "11": {
      "maxEntropy": 0.4300877473503389
    },
    "12": {
      "maxEntropy": 0.45856254133103214
    }
  }
}