{
  "test": {
    "0": {
      "maxEntropy": 0.2995829199877172
    },
    "1": {
      "maxEntropy": 0.22052590314574802
    },
    "2": {
      "maxEntropy": 0.11196562741405013
    },
    "3": {
      "maxEntropy": 0.0973640065723518
    },
    "4": {
      "maxEntropy": 0.1030159760608765
    },
    "5": {
      "maxEntropy": 0.09814702125931188
    },
    "6": {
      "maxEntropy": 0.10171129879899468
    },
    "7": {
      "maxEntropy": 0.13414401122827177
    },
    "8": {
      "maxEntropy": 0.2092487610586129
    },
    "9": {
      "maxEntropy": 0.27632083961060194
    },
    "10": {
      "maxEntropy": 0.2831221719996492
    },
    "11": {
      "maxEntropy": 0.39996939153730304
    },
    "12": {
      "maxEntropy": 0.41101998321082234
    }
  },
  "cf_test": {
    "0": {
      "maxEntropy": 0.3257293750433369
    },
    "1": {
      "maxEntropy": 0.21921807355569475
    },
    "2": {
      "maxEntropy": 0.10755666476553245
    },
    "3": {
      "maxEntropy": 0.0913580433081102
    },
    "4": {
      "maxEntropy": 0.0949866336169834
    },
    "5": {
      "maxEntropy": 0.09084544880877807
    },
    "6": {
      "maxEntropy": 0.09273254765636772
    },
    "7": {
      "maxEntropy": 0.1257769510773449
    },
    "8": {
      "maxEntropy": 0.20286949832491655
    },
    "9": {
      "maxEntropy": 0.26411495118817746
    },
    "10": {
      "maxEntropy": 0.27129064880333476
    },
    "11": {
      "maxEntropy": 0.37559108635567046
    },
    "12": {
      "maxEntropy": 0.38311751604301236
    }
  }
}