{
  "test": {
    "0": {
      "maxEntropy": 0.30385891716249125
    },
    "1": {
      "maxEntropy": 0.1634197685733005
    },
    "2": {
      "maxEntropy": 0.04798024271043562
    },
    "3": {
      "maxEntropy": 0.005810824274789148
    },
    "4": {
      "maxEntropy": 0.0028345865647670158
    },
    "5": {
      "maxEntropy": 0.16952119320647416
    },
    "6": {
      "maxEntropy": 0.05713406283139825
    },
    "7": {
      "maxEntropy": 0.16356490756492473
    },
    "8": {
      "maxEntropy": 0.23912789990695674
    },
    "9": {
      "maxEntropy": 0.3455137808378495
    },
    "10": {
      "maxEntropy": 0.3815159166816947
    },
    "11": {
      "maxEntropy": 0.4343447848109254
    },
    "12": {
      "maxEntropy": 0.45375974046290635
    }
  },
  "cf_test": {
    "0": {
      "maxEntropy": 0.3347258267495611
    },
    "1": {
      "maxEntropy": 0.153654996502996
    },
    "2": {
      "maxEntropy": 0.039529899243699124
    },
    "3": {
      "maxEntropy": 0.004616521056560492
    },
    "4": {
      "maxEntropy": 0.0025091953289901234
    },
    "5": {
      "maxEntropy": 0.14160660471322345
    },
    "6": {
      "maxEntropy": 0.04811987478080731
    },
    "7": {
      "maxEntropy": 0.14969677226095598
    },
    "8": {
      "maxEntropy": 0.21818108152933807
    },
    "9": {
      "maxEntropy": 0.31882569700965835
    },
    "10": {
      "maxEntropy": 0.35329787791705936
    },
    "11": {
      "maxEntropy": 0.4112916017068242
    },
    "12": {
      "maxEntropy": 0.43573057070408827
    }
  }
}