{
  "test": {
    "0": {
      "maxEntropy": 0.30370811411372856
    },
    "1": {
      "maxEntropy": 0.12216350328219941
    },
    "2": {
      "maxEntropy": 0.013846992178339415
    },
    "3": {
      "maxEntropy": 0.0033841316779642245
    },
    "4": {
      "maxEntropy": 0.20520889171875858
    },
    "5": {
      "maxEntropy": 0.06405789454033602
    },
    "6": {
      "maxEntropy": 0.07700363022367666
    },
    "7": {
      "maxEntropy": 0.1851090075539535
    },
    "8": {
      "maxEntropy": 0.2373056435277222
    },
    "9": {
      "maxEntropy": 0.3285750356715836
    },
    "10": {
      "maxEntropy": 0.3740519967595734
    },
    "11": {
      "maxEntropy": 0.4240263085475335
    },
    "12": {
      "maxEntropy": 0.4650372717811597
    }
  },
  "cf_test": {
    "0": {
      "maxEntropy": 0.33407690491089587
    },
    "1": {
      "maxEntropy": 0.10944272483042969
    },
    "2": {
      "maxEntropy": 0.011104368747342993
    },
    "3": {
      "maxEntropy": 0.0030233161019660748
    },
    "4": {
      "maxEntropy": 0.17108611786170622
    },
    "5": {
      "maxEntropy": 0.05421390923990629
    },
    "6": {
      "maxEntropy": 0.06704833108923182
    },
    "7": {
      "maxEntropy": 0.16579472576320262
    },
    "8": {
      "maxEntropy": 0.20814889562779745
    },
    "9": {
      "maxEntropy": 0.29449225519918676
    },
    "10": {
      "maxEntropy": 0.3378489796012001
    },
    "11": {
      "maxEntropy": 0.40133157704769445
    },
    "12": {
      "maxEntropy": 0.4559687272591013
    }
  }
}