{
  "test": {
    "0": {
      "maxEntropy": 0.29971630298721547
    },
    "1": {
      "maxEntropy": 0.2205976517034812
    },
    "2": {
      "maxEntropy": 0.11198451682085223
    },
    "3": {
      "maxEntropy": 0.09740590995192269
    },
    "4": {
      "maxEntropy": 0.10300718533710762
    },
    "5": {
      "maxEntropy": 0.09810953571034449
    },
    "6": {
      "maxEntropy": 0.10171864696905362
    },
    "7": {
      "maxEntropy": 0.1341645186498615
    },
    "8": {
      "maxEntropy": 0.20939981340823383
    },
    "9": {
      "maxEntropy": 0.2765023829892184
    },
    "10": {
      "maxEntropy": 0.2833343369591125
    },
    "11": {
      "maxEntropy": 0.4003875122452399
    },
    "12": {
      "maxEntropy": 0.411407907184804
    }
  },
  "cf_test": {
    "0": {
      "maxEntropy": 0.32575874538713634
    },
    "1": {
      "maxEntropy": 0.21924098331365865
    },
    "2": {
      "maxEntropy": 0.10754374223905594
    },
    "3": {
      "maxEntropy": 0.09136945672800821
    },
    "4": {
      "maxEntropy": 0.09502852807988137
    },
    "5": {
      "maxEntropy": 0.09077689269128239
    },
    "6": {
      "maxEntropy": 0.09271806659826923
    },
    "7": {
      "maxEntropy": 0.1258626277762786
    },
    "8": {
      "maxEntropy": 0.20291971799076025
    },
    "9": {
      "maxEntropy": 0.26414835723226593
    },
    "10": {
      "maxEntropy": 0.2712993595690461
    },
    "11": {
      "maxEntropy": 0.3757502037179235
    },
    "12": {
      "maxEntropy": 0.38323555473502646
    }
  }
}