{
  "vib_layer_-3": {
    "test": {
      "0": {
        "maxEntropy": 0.30515416292468844
      },
      "1": {
        "maxEntropy": 0.226378098276159
      },
      "2": {
        "maxEntropy": 0.1170995881798103
      },
      "3": {
        "maxEntropy": 0.10455968720098315
      },
      "4": {
        "maxEntropy": 0.10395529136545122
      },
      "5": {
        "maxEntropy": 0.10906637582460946
      },
      "6": {
        "maxEntropy": 0.11009198726050132
      },
      "7": {
        "maxEntropy": 0.12793988107331275
      },
      "8": {
        "maxEntropy": 0.1745321202624894
      },
      "9": {
        "maxEntropy": 0.22110273863028518
      },
      "10": {
        "maxEntropy": 0.26359320371054806
      },
      "11": {
        "maxEntropy": 0.39513378564497703
      },
      "12": {
        "maxEntropy": 0.4392635537207994
      }
    },
    "cf_test": {
      "0": {
        "maxEntropy": 0.33698874128392925
      },
      "1": {
        "maxEntropy": 0.23028757831105548
      },
      "2": {
        "maxEntropy": 0.11323688576959537
      },
      "3": {
        "maxEntropy": 0.0987876810395595
      },
      "4": {
        "maxEntropy": 0.09914402035889094
      },
      "5": {
        "maxEntropy": 0.1069627866800131
      },
      "6": {
        "maxEntropy": 0.10613044092878358
      },
      "7": {
        "maxEntropy": 0.12024298032612978
      },
      "8": {
        "maxEntropy": 0.1703162508262315
      },
      "9": {
        "maxEntropy": 0.21537695774810808
      },
      "10": {
        "maxEntropy": 0.25338576120346323
      },
      "11": {
        "maxEntropy": 0.3743907479548789
      },
      "12": {
        "maxEntropy": 0.4144353285957591
      }
    }
  },
  "vib_layer_-2": {
    "test": {
      "0": {
        "maxEntropy": 0.29971630298721547
      },
      "1": {
        "maxEntropy": 0.2205976517034812
      },
      "2": {
        "maxEntropy": 0.11198451682085223
      },
      "3": {
        "maxEntropy": 0.09740590995192269
      },
      "4": {
        "maxEntropy": 0.10300718533710762
      },
      "5": {
        "maxEntropy": 0.09810953571034449
      },
      "6": {
        "maxEntropy": 0.10171864696905362
      },
      "7": {
        "maxEntropy": 0.1341645186498615
      },
      "8": {
        "maxEntropy": 0.20939981340823383
      },
      "9": {
        "maxEntropy": 0.2765023829892184
      },
      "10": {
        "maxEntropy": 0.2833343369591125
      },
      "11": {
        "maxEntropy": 0.4003875122452399
      },
      "12": {
        "maxEntropy": 0.411407907184804
      }
    },
    "cf_test": {
      "0": {
        "maxEntropy": 0.32575874538713634
      },
      "1": {
        "maxEntropy": 0.21924098331365865
      },
      "2": {
        "maxEntropy": 0.10754374223905594
      },
      "3": {
        "maxEntropy": 0.09136945672800821
      },
      "4": {
        "maxEntropy": 0.09502852807988137
      },
      "5": {
        "maxEntropy": 0.09077689269128239
      },
      "6": {
        "maxEntropy": 0.09271806659826923
      },
      "7": {
        "maxEntropy": 0.1258626277762786
      },
      "8": {
        "maxEntropy": 0.20291971799076025
      },
      "9": {
        "maxEntropy": 0.26414835723226593
      },
      "10": {
        "maxEntropy": 0.2712993595690461
      },
      "11": {
        "maxEntropy": 0.3757502037179235
      },
      "12": {
        "maxEntropy": 0.38323555473502646
      }
    }
  },
  "vib_layer_-1": {
    "test": {
      "0": {
        "maxEntropy": 0.3008080197812372
      },
      "1": {
        "maxEntropy": 0.1765205453335968
      },
      "2": {
        "maxEntropy": 0.09274675366779049
      },
      "3": {
        "maxEntropy": 0.08204090158439449
      },
      "4": {
        "maxEntropy": 0.08215826165446151
      },
      "5": {
        "maxEntropy": 0.07746842227882614
      },
      "6": {
        "maxEntropy": 0.07020356611009158
      },
      "7": {
        "maxEntropy": 0.07444514346157352
      },
      "8": {
        "maxEntropy": 0.09102174212693788
      },
      "9": {
        "maxEntropy": 0.11522937759636856
      },
      "10": {
        "maxEntropy": 0.11764063718897025
      },
      "11": {
        "maxEntropy": 0.13876449121452983
      },
      "12": {
        "maxEntropy": 0.15390123512137954
      }
    },
    "cf_test": {
      "0": {
        "maxEntropy": 0.33129368157342315
      },
      "1": {
        "maxEntropy": 0.1748344968881824
      },
      "2": {
        "maxEntropy": 0.08836052860970714
      },
      "3": {
        "maxEntropy": 0.07547745322029267
      },
      "4": {
        "maxEntropy": 0.07627020294537197
      },
      "5": {
        "maxEntropy": 0.07455711308758789
      },
      "6": {
        "maxEntropy": 0.06955859578232809
      },
      "7": {
        "maxEntropy": 0.06505962633545655
      },
      "8": {
        "maxEntropy": 0.07474660946519376
      },
      "9": {
        "maxEntropy": 0.08390719981098346
      },
      "10": {
        "maxEntropy": 0.079416695973421
      },
      "11": {
        "maxEntropy": 0.0927499449956757
      },
      "12": {
        "maxEntropy": 0.10470422430754076
      }
    }
  },
  "vib_layer_0": {
    "test": {
      "0": {
        "maxEntropy": 0.28518614774084355
      },
      "1": {
        "maxEntropy": 0.007970027812716069
      },
      "2": {
        "maxEntropy": 0.03252730380551874
      },
      "3": {
        "maxEntropy": 0.06049350354236933
      },
      "4": {
        "maxEntropy": 0.07864855557936125
      },
      "5": {
        "maxEntropy": 0.09544994184278513
      },
      "6": {
        "maxEntropy": 0.09578190869700884
      },
      "7": {
        "maxEntropy": 0.11896077995477455
      },
      "8": {
        "maxEntropy": 0.1893132336317403
      },
      "9": {
        "maxEntropy": 0.2444723107261296
      },
      "10": {
        "maxEntropy": 0.30242674762793664
      },
      "11": {
        "maxEntropy": 0.40324000739148175
      },
      "12": {
        "maxEntropy": 0.4273891231042254
      }
    },
    "cf_test": {
      "0": {
        "maxEntropy": 0.3099933131276325
      },
      "1": {
        "maxEntropy": 0.006846148933236935
      },
      "2": {
        "maxEntropy": 0.02688420471074566
      },
      "3": {
        "maxEntropy": 0.04971223030534375
      },
      "4": {
        "maxEntropy": 0.06761714965829964
      },
      "5": {
        "maxEntropy": 0.0840083462128739
      },
      "6": {
        "maxEntropy": 0.08614310038295903
      },
      "7": {
        "maxEntropy": 0.11216826546297015
      },
      "8": {
        "maxEntropy": 0.1805448949785415
      },
      "9": {
        "maxEntropy": 0.2224380412427564
      },
      "10": {
        "maxEntropy": 0.2718901234463144
      },
      "11": {
        "maxEntropy": 0.3832215929582343
      },
      "12": {
        "maxEntropy": 0.4148079891096454
      }
    }
  }
}