{
  "test": {
    "0": {
      "maxEntropy": 0.3008080197812372
    },
    "1": {
      "maxEntropy": 0.1765205453335968
    },
    "2": {
      "maxEntropy": 0.09274675366779049
    },
    "3": {
      "maxEntropy": 0.08204090158439449
    },
    "4": {
      "maxEntropy": 0.08215826165446151
    },
    "5": {
      "maxEntropy": 0.07746842227882614
    },
    "6": {
      "maxEntropy": 0.07020356611009158
    },
    "7": {
      "maxEntropy": 0.07444514346157352
    },
    "8": {
      "maxEntropy": 0.09102174212693788
    },
    "9": {
      "maxEntropy": 0.11522937759636856
    },
    "10": {
      "maxEntropy": 0.11764063718897025
    },
    "11": {
      "maxEntropy": 0.13876449121452983
    },
    "12": {
      "maxEntropy": 0.1538717856567359
    }
  },
  "cf_test": {
    "0": {
      "maxEntropy": 0.33129368157342315
    },
    "1": {
      "maxEntropy": 0.1748344968881824
    },
    "2": {
      "maxEntropy": 0.08836052860970714
    },
    "3": {
      "maxEntropy": 0.07547745322029267
    },
    "4": {
      "maxEntropy": 0.07627020294537197
    },
    "5": {
      "maxEntropy": 0.07455711308758789
    },
    "6": {
      "maxEntropy": 0.06955859578232809
    },
    "7": {
      "maxEntropy": 0.06505962633545655
    },
    "8": {
      "maxEntropy": 0.07474660946519376
    },
    "9": {
      "maxEntropy": 0.08390719981098346
    },
    "10": {
      "maxEntropy": 0.079416695973421
    },
    "11": {
      "maxEntropy": 0.0927499449956757
    },
    "12": {
      "maxEntropy": 0.10470610770435532
    }
  }
}