{
  "test": {
    "0": {
      "maxEntropy": 0.3010779838901561
    },
    "1": {
      "maxEntropy": 0.05235100223193634
    },
    "2": {
      "maxEntropy": 0.0037142937303837136
    },
    "3": {
      "maxEntropy": 0.2156476418615707
    },
    "4": {
      "maxEntropy": 0.06473929197246445
    },
    "5": {
      "maxEntropy": 0.04811084666736408
    },
    "6": {
      "maxEntropy": 0.050993165277595176
    },
    "7": {
      "maxEntropy": 0.12059568477010965
    },
    "8": {
      "maxEntropy": 0.16300585961068742
    },
    "9": {
      "maxEntropy": 0.23945894890241023
    },
    "10": {
      "maxEntropy": 0.3615290476384073
    },
    "11": {
      "maxEntropy": 0.4313933104565901
    },
    "12": {
      "maxEntropy": 0.4636047626375783
    }
  },
  "cf_test": {
    "0": {
      "maxEntropy": 0.33061717034931865
    },
    "1": {
      "maxEntropy": 0.04480454481320725
    },
    "2": {
      "maxEntropy": 0.0032626464563446918
    },
    "3": {
      "maxEntropy": 0.17987240864989376
    },
    "4": {
      "maxEntropy": 0.05339365565079704
    },
    "5": {
      "maxEntropy": 0.040714092370155046
    },
    "6": {
      "maxEntropy": 0.04394278671830926
    },
    "7": {
      "maxEntropy": 0.11417619472690567
    },
    "8": {
      "maxEntropy": 0.1528664436947649
    },
    "9": {
      "maxEntropy": 0.2241113919084485
    },
    "10": {
      "maxEntropy": 0.3456888412307506
    },
    "11": {
      "maxEntropy": 0.4175606256110255
    },
    "12": {
      "maxEntropy": 0.4536291568654291
    }
  }
}