{
  "test": {
    "0": {
      "maxEntropy": 0.3046506392137895
    },
    "1": {
      "maxEntropy": 0.2020331319962481
    },
    "2": {
      "maxEntropy": 0.10944105063274491
    },
    "3": {
      "maxEntropy": 0.098659445352758
    },
    "4": {
      "maxEntropy": 0.09018448477868284
    },
    "5": {
      "maxEntropy": 0.0668158690320808
    },
    "6": {
      "maxEntropy": 0.022604750610407735
    },
    "7": {
      "maxEntropy": 0.0071856767122546635
    },
    "8": {
      "maxEntropy": 0.005024567591777442
    },
    "9": {
      "maxEntropy": 0.14828444103430466
    },
    "10": {
      "maxEntropy": 0.10318276243027669
    },
    "11": {
      "maxEntropy": 0.35999321425423386
    },
    "12": {
      "maxEntropy": 0.4169763099367758
    }
  },
  "cf_test": {
    "0": {
      "maxEntropy": 0.3362363125363402
    },
    "1": {
      "maxEntropy": 0.20167819529081427
    },
    "2": {
      "maxEntropy": 0.10394587558157062
    },
    "3": {
      "maxEntropy": 0.09103993099050776
    },
    "4": {
      "maxEntropy": 0.08063592825161436
    },
    "5": {
      "maxEntropy": 0.058762007493565645
    },
    "6": {
      "maxEntropy": 0.01760758279000401
    },
    "7": {
      "maxEntropy": 0.005827672582201926
    },
    "8": {
      "maxEntropy": 0.004205642206482418
    },
    "9": {
      "maxEntropy": 0.12265626399360088
    },
    "10": {
      "maxEntropy": 0.07870583614955133
    },
    "11": {
      "maxEntropy": 0.3110261155354898
    },
    "12": {
      "maxEntropy": 0.3701215831448707
    }
  }
}